{"cameraMode":{"drawMode":0,"name":"Shaded","section":"Shading Mode"},"sceneLighting":true,"audioPlay":false,"sceneViewState":{"showFog":true,"showMaterialUpdate":false,"showSkybox":true,"showFlares":true,"showImageEffects":true,"showParticleSystems":true},"in2DMode":false,"pivot":{"x":-8.904041290283204,"y":-23.167522430419923,"z":-25.165325164794923},"rotation":{"x":-0.018816431984305383,"y":0.9679246544837952,"z":-0.2387291043996811,"w":-0.07652376592159271},"size":68.16958618164063,"orthographic":false}