{"cameraMode":{"drawMode":0,"name":"Shaded","section":"Shading Mode"},"sceneLighting":true,"audioPlay":false,"sceneViewState":{"showFog":true,"showMaterialUpdate":false,"showSkybox":true,"showFlares":true,"showImageEffects":true,"showParticleSystems":true},"in2DMode":false,"pivot":{"x":-2.778304100036621,"y":7.207820892333984,"z":-37.02680969238281},"rotation":{"x":-0.005958214867860079,"y":0.9932690262794495,"z":-0.09897129237651825,"w":-0.06055149435997009},"size":86.69129180908203,"orthographic":false}