{"cameraMode":{"drawMode":0,"name":"Shaded","section":"Shading Mode"},"sceneLighting":true,"audioPlay":false,"sceneViewState":{"showFog":true,"showMaterialUpdate":false,"showSkybox":true,"showFlares":true,"showImageEffects":true,"showParticleSystems":true},"in2DMode":false,"pivot":{"x":31.83197784423828,"y":-0.13316714763641358,"z":-52.976600646972659},"rotation":{"x":0.3105468153953552,"y":-0.11972819268703461,"z":0.039269451051950458,"w":0.9423701763153076},"size":16.409128189086915,"orthographic":false}